Pclass,Sex,Age,SibSp,Ticket,Fare,Embarked
0,3,male,22.0,1,A/5 21171,7.25,S
1,1,female,38.0,1,PC 17599,71.2833,C
2,3,female,26.0,0,STON/O2. 3101282,7.925,S
3,1,female,35.0,1,113803,53.1,S
4,3,male,35.0,0,373450,8.05,S
5,3,male,,0,330877,8.4583,Q
6,1,male,54.0,0,17463,51.8625,S
7,3,male,2.0,3,349909,21.075,S
8,3,female,27.0,0,347742,11.1333,S
9,2,female,14.0,1,237736,30.0708,C
10,3,female,4.0,1,PP 9549,16.7,S
11,1,female,58.0,0,113783,26.55,S
12,3,male,20.0,0,A/5. 2151,8.05,S
13,3,male,39.0,1,347082,31.275,S
14,3,female,14.0,0,350406,7.8542,S
15,2,female,55.0,0,248706,16.0,S
16,3,male,2.0,4,382652,29.125,Q
17,2,male,,0,244373,13.0,S
18,3,female,31.0,1,345763,18.0,S
19,3,female,,0,2649,7.225,C
20,2,male,35.0,0,239865,26.0,S
21,2,male,34.0,0,248698,13.0,S
22,3,female,15.0,0,330923,8.0292,Q
23,1,male,28.0,0,113788,35.5,S
24,3,female,8.0,3,349909,21.075,S
25,3,female,38.0,1,347077,31.3875,S
26,3,male,,0,2631,7.225,C
27,1,male,19.0,3,19950,263.0,S
28,3,female,,0,330959,7.8792,Q
29,3,male,,0,349216,7.8958,S
30,1,male,40.0,0,PC 17601,27.7208,C
31,1,female,,1,PC 17569,146.5208,C
32,3,female,,0,335677,7.75,Q
33,2,male,66.0,0,C.A. 24579,10.5,S
34,1,male,28.0,1,PC 17604,82.1708,C
35,1,male,42.0,1,113789,52.0,S
36,3,male,,0,2677,7.2292,C
37,3,male,21.0,0,A./5. 2152,8.05,S
38,3,female,18.0,2,345764,18.0,S
39,3,female,14.0,1,2651,11.2417,C
40,3,female,40.0,1,7546,9.475,S
41,2,female,27.0,1,11668,21.0,S
42,3,male,,0,349253,7.8958,C
43,2,female,3.0,1,SC/Paris 2123,41.5792,C
44,3,female,19.0,0,330958,7.8792,Q
45,3,male,,0,S.C./A.4. 23567,8.05,S
46,3,male,,1,370371,15.5,Q
47,3,female,,0,14311,7.75,Q
48,3,male,,2,2662,21.6792,C
49,3,female,18.0,1,349237,17.8,S
50,3,male,7.0,4,3101295,39.6875,S
51,3,male,21.0,0,A/4. 39886,7.8,S
52,1,female,49.0,1,PC 17572,76.7292,C
53,2,female,29.0,1,2926,26.0,S
54,1,male,65.0,0,113509,61.9792,C
55,1,male,,0,19947,35.5,S
56,2,female,21.0,0,C.A. 31026,10.5,S
57,3,male,28.5,0,2697,7.2292,C
58,2,female,5.0,1,C.A. 34651,27.75,S
59,3,male,11.0,5,CA 2144,46.9,S
60,3,male,22.0,0,2669,7.2292,C
61,1,female,38.0,0,113572,80.0,
62,1,male,45.0,1,36973,83.475,S
63,3,male,4.0,3,347088,27.9,S
64,1,male,,0,PC 17605,27.7208,C
65,3,male,,1,2661,15.2458,C
66,2,female,29.0,0,C.A. 29395,10.5,S
67,3,male,19.0,0,S.P. 3464,8.1583,S
68,3,female,17.0,4,3101281,7.925,S
69,3,male,26.0,2,315151,8.6625,S
70,2,male,32.0,0,C.A. 33111,10.5,S
71,3,female,16.0,5,CA 2144,46.9,S
72,2,male,21.0,0,S.O.C. 14879,73.5,S
73,3,male,26.0,1,2680,14.4542,C
74,3,male,32.0,0,1601,56.4958,S
75,3,male,25.0,0,348123,7.65,S
76,3,male,,0,349208,7.8958,S
77,3,male,,0,374746,8.05,S
78,2,male,0.83,0,248738,29.0,S
79,3,female,30.0,0,364516,12.475,S
80,3,male,22.0,0,345767,9.0,S
81,3,male,29.0,0,345779,9.5,S
82,3,female,,0,330932,7.7875,Q
83,1,male,28.0,0,113059,47.1,S
84,2,female,17.0,0,SO/C 14885,10.5,S
85,3,female,33.0,3,3101278,15.85,S
86,3,male,16.0,1,W./C. 6608,34.375,S
87,3,male,,0,SOTON/OQ 392086,8.05,S
88,1,female,23.0,3,19950,263.0,S
89,3,male,24.0,0,343275,8.05,S
90,3,male,29.0,0,343276,8.05,S
91,3,male,20.0,0,347466,7.8542,S
92,1,male,46.0,1,W.E.P. 5734,61.175,S
93,3,male,26.0,1,C.A. 2315,20.575,S
94,3,male,59.0,0,364500,7.25,S
95,3,male,,0,374910,8.05,S
96,1,male,71.0,0,PC 17754,34.6542,C
97,1,male,23.0,0,PC 17759,63.3583,C
98,2,female,34.0,0,231919,23.0,S
99,2,male,34.0,1,244367,26.0,S
100,3,female,28.0,0,349245,7.8958,S
101,3,male,,0,349215,7.8958,S
102,1,male,21.0,0,35281,77.2875,S
103,3,male,33.0,0,7540,8.6542,S
104,3,male,37.0,2,3101276,7.925,S
105,3,male,28.0,0,349207,7.8958,S
106,3,female,21.0,0,343120,7.65,S
107,3,male,,0,312991,7.775,S
108,3,male,38.0,0,349249,7.8958,S
109,3,female,,1,371110,24.15,Q
110,1,male,47.0,0,110465,52.0,S
111,3,female,14.5,1,2665,14.4542,C
112,3,male,22.0,0,324669,8.05,S
113,3,female,20.0,1,4136,9.825,S
114,3,female,17.0,0,2627,14.4583,C
115,3,male,21.0,0,STON/O 2. 3101294,7.925,S
116,3,male,70.5,0,370369,7.75,Q
117,2,male,29.0,1,11668,21.0,S
118,1,male,24.0,0,PC 17558,247.5208,C
119,3,female,2.0,4,347082,31.275,S
120,2,male,21.0,2,S.O.C. 14879,73.5,S
121,3,male,,0,A4. 54510,8.05,S
122,2,male,32.5,1,237736,30.0708,C
123,2,female,32.5,0,27267,13.0,S
124,1,male,54.0,0,35281,77.2875,S
125,3,male,12.0,1,2651,11.2417,C
126,3,male,,0,370372,7.75,Q
127,3,male,24.0,0,C 17369,7.1417,S
128,3,female,,1,2668,22.3583,C
129,3,male,45.0,0,347061,6.975,S
130,3,male,33.0,0,349241,7.8958,C
131,3,male,20.0,0,SOTON/O.Q. 3101307,7.05,S
132,3,female,47.0,1,A/5. 3337,14.5,S
133,2,female,29.0,1,228414,26.0,S
134,2,male,25.0,0,C.A. 29178,13.0,S
135,2,male,23.0,0,SC/PARIS 2133,15.0458,C
136,1,female,19.0,0,11752,26.2833,S
137,1,male,37.0,1,113803,53.1,S
138,3,male,16.0,0,7534,9.2167,S
139,1,male,24.0,0,PC 17593,79.2,C
140,3,female,,0,2678,15.2458,C
141,3,female,22.0,0,347081,7.75,S
142,3,female,24.0,1,STON/O2. 3101279,15.85,S
143,3,male,19.0,0,365222,6.75,Q
144,2,male,18.0,0,231945,11.5,S
145,2,male,19.0,1,C.A. 33112,36.75,S
146,3,male,27.0,0,350043,7.7958,S
147,3,female,9.0,2,W./C. 6608,34.375,S
148,2,male,36.5,0,230080,26.0,S
149,2,male,42.0,0,244310,13.0,S
150,2,male,51.0,0,S.O.P. 1166,12.525,S
151,1,female,22.0,1,113776,66.6,S
152,3,male,55.5,0,A.5. 11206,8.05,S
153,3,male,40.5,0,A/5. 851,14.5,S
154,3,male,,0,Fa 265302,7.3125,S
155,1,male,51.0,0,PC 17597,61.3792,C
156,3,female,16.0,0,35851,7.7333,Q
157,3,male,30.0,0,SOTON/OQ 392090,8.05,S
158,3,male,,0,315037,8.6625,S
159,3,male,,8,CA. 2343,69.55,S
160,3,male,44.0,0,371362,16.1,S
161,2,female,40.0,0,C.A. 33595,15.75,S
162,3,male,26.0,0,347068,7.775,S
163,3,male,17.0,0,315093,8.6625,S
164,3,male,1.0,4,3101295,39.6875,S
165,3,male,9.0,0,363291,20.525,S
166,1,female,,0,113505,55.0,S
167,3,female,45.0,1,347088,27.9,S
168,1,male,,0,PC 17318,25.925,S
169,3,male,28.0,0,1601,56.4958,S
170,1,male,61.0,0,111240,33.5,S
171,3,male,4.0,4,382652,29.125,Q
172,3,female,1.0,1,347742,11.1333,S
173,3,male,21.0,0,STON/O 2. 3101280,7.925,S
174,1,male,56.0,0,17764,30.6958,C
175,3,male,18.0,1,350404,7.8542,S
176,3,male,,3,4133,25.4667,S
177,1,female,50.0,0,PC 17595,28.7125,C
178,2,male,30.0,0,250653,13.0,S
179,3,male,36.0,0,LINE,0.0,S
180,3,female,,8,CA. 2343,69.55,S
181,2,male,,0,SC/PARIS 2131,15.05,C
182,3,male,9.0,4,347077,31.3875,S
183,2,male,1.0,2,230136,39.0,S
184,3,female,4.0,0,315153,22.025,S
185,1,male,,0,113767,50.0,S
186,3,female,,1,370365,15.5,Q
187,1,male,45.0,0,111428,26.55,S
188,3,male,40.0,1,364849,15.5,Q
189,3,male,36.0,0,349247,7.8958,S
190,2,female,32.0,0,234604,13.0,S
191,2,male,19.0,0,28424,13.0,S
192,3,female,19.0,1,350046,7.8542,S
193,2,male,3.0,1,230080,26.0,S
194,1,female,44.0,0,PC 17610,27.7208,C
195,1,female,58.0,0,PC 17569,146.5208,C
196,3,male,,0,368703,7.75,Q
197,3,male,42.0,0,4579,8.4042,S
198,3,female,,0,370370,7.75,Q
199,2,female,24.0,0,248747,13.0,S
200,3,male,28.0,0,345770,9.5,S
201,3,male,,8,CA. 2343,69.55,S
202,3,male,34.0,0,3101264,6.4958,S
203,3,male,45.5,0,2628,7.225,C
204,3,male,18.0,0,A/5 3540,8.05,S
205,3,female,2.0,0,347054,10.4625,S
206,3,male,32.0,1,3101278,15.85,S
207,3,male,26.0,0,2699,18.7875,C
208,3,female,16.0,0,367231,7.75,Q
209,1,male,40.0,0,112277,31.0,C
210,3,male,24.0,0,SOTON/O.Q. 3101311,7.05,S
211,2,female,35.0,0,F.C.C. 13528,21.0,S
212,3,male,22.0,0,A/5 21174,7.25,S
213,2,male,30.0,0,250646,13.0,S
214,3,male,,1,367229,7.75,Q
215,1,female,31.0,1,35273,113.275,C
216,3,female,27.0,0,STON/O2. 3101283,7.925,S
217,2,male,42.0,1,243847,27.0,S
218,1,female,32.0,0,11813,76.2917,C
219,2,male,30.0,0,W/C 14208,10.5,S
220,3,male,16.0,0,SOTON/OQ 392089,8.05,S
221,2,male,27.0,0,220367,13.0,S
222,3,male,51.0,0,21440,8.05,S
223,3,male,,0,349234,7.8958,S
224,1,male,38.0,1,19943,90.0,S
225,3,male,22.0,0,PP 4348,9.35,S
226,2,male,19.0,0,SW/PP 751,10.5,S
227,3,male,20.5,0,A/5 21173,7.25,S
228,2,male,18.0,0,236171,13.0,S
229,3,female,,3,4133,25.4667,S
230,1,female,35.0,1,36973,83.475,S
231,3,male,29.0,0,347067,7.775,S
232,2,male,59.0,0,237442,13.5,S
233,3,female,5.0,4,347077,31.3875,S
234,2,male,24.0,0,C.A. 29566,10.5,S
235,3,female,,0,W./C. 6609,7.55,S
236,2,male,44.0,1,26707,26.0,S
237,2,female,8.0,0,C.A. 31921,26.25,S
238,2,male,19.0,0,28665,10.5,S
239,2,male,33.0,0,SCO/W 1585,12.275,S
240,3,female,,1,2665,14.4542,C
241,3,female,,1,367230,15.5,Q
242,2,male,29.0,0,W./C. 14263,10.5,S
243,3,male,22.0,0,STON/O 2. 3101275,7.125,S
244,3,male,30.0,0,2694,7.225,C
245,1,male,44.0,2,19928,90.0,Q
246,3,female,25.0,0,347071,7.775,S
247,2,female,24.0,0,250649,14.5,S
248,1,male,37.0,1,11751,52.5542,S
249,2,male,54.0,1,244252,26.0,S
250,3,male,,0,362316,7.25,S
251,3,female,29.0,1,347054,10.4625,S
252,1,male,62.0,0,113514,26.55,S
253,3,male,30.0,1,A/5. 3336,16.1,S
254,3,female,41.0,0,370129,20.2125,S
255,3,female,29.0,0,2650,15.2458,C
256,1,female,,0,PC 17585,79.2,C
257,1,female,30.0,0,110152,86.5,S
258,1,female,35.0,0,PC 17755,512.3292,C
259,2,female,50.0,0,230433,26.0,S
260,3,male,,0,384461,7.75,Q
261,3,male,3.0,4,347077,31.3875,S
262,1,male,52.0,1,110413,79.65,S
263,1,male,40.0,0,112059,0.0,S
264,3,female,,0,382649,7.75,Q
265,2,male,36.0,0,C.A. 17248,10.5,S
266,3,male,16.0,4,3101295,39.6875,S
267,3,male,25.0,1,347083,7.775,S
268,1,female,58.0,0,PC 17582,153.4625,S
269,1,female,35.0,0,PC 17760,135.6333,S
270,1,male,,0,113798,31.0,S
271,3,male,25.0,0,LINE,0.0,S
272,2,female,41.0,0,250644,19.5,S
273,1,male,37.0,0,PC 17596,29.7,C
274,3,female,,0,370375,7.75,Q
275,1,female,63.0,1,13502,77.9583,S
276,3,female,45.0,0,347073,7.75,S
277,2,male,,0,239853,0.0,S
278,3,male,7.0,4,382652,29.125,Q
279,3,female,35.0,1,C.A. 2673,20.25,S
280,3,male,65.0,0,336439,7.75,Q
281,3,male,28.0,0,347464,7.8542,S
282,3,male,16.0,0,345778,9.5,S
283,3,male,19.0,0,A/5. 10482,8.05,S
284,1,male,,0,113056,26.0,S
285,3,male,33.0,0,349239,8.6625,C
286,3,male,30.0,0,345774,9.5,S
287,3,male,22.0,0,349206,7.8958,S
288,2,male,42.0,0,237798,13.0,S
289,3,female,22.0,0,370373,7.75,Q
290,1,female,26.0,0,19877,78.85,S
291,1,female,19.0,1,11967,91.0792,C
292,2,male,36.0,0,SC/Paris 2163,12.875,C
293,3,female,24.0,0,349236,8.85,S
294,3,male,24.0,0,349233,7.8958,S
295,1,male,,0,PC 17612,27.7208,C
296,3,male,23.5,0,2693,7.2292,C
297,1,female,2.0,1,113781,151.55,S
298,1,male,,0,19988,30.5,S
299,1,female,50.0,0,PC 17558,247.5208,C
300,3,female,,0,9234,7.75,Q
301,3,male,,2,367226,23.25,Q
302,3,male,19.0,0,LINE,0.0,S
303,2,female,,0,226593,12.35,Q
304,3,male,,0,A/5 2466,8.05,S
305,1,male,0.92,1,113781,151.55,S
306,1,female,,0,17421,110.8833,C
307,1,female,17.0,1,PC 17758,108.9,C
308,2,male,30.0,1,P/PP 3381,24.0,C
309,1,female,30.0,0,PC 17485,56.9292,C
310,1,female,24.0,0,11767,83.1583,C
311,1,female,18.0,2,PC 17608,262.375,C
312,2,female,26.0,1,250651,26.0,S
313,3,male,28.0,0,349243,7.8958,S
314,2,male,43.0,1,F.C.C. 13529,26.25,S
315,3,female,26.0,0,347470,7.8542,S
316,2,female,24.0,1,244367,26.0,S
317,2,male,54.0,0,29011,14.0,S
318,1,female,31.0,0,36928,164.8667,S
319,1,female,40.0,1,16966,134.5,C
320,3,male,22.0,0,A/5 21172,7.25,S
321,3,male,27.0,0,349219,7.8958,S
322,2,female,30.0,0,234818,12.35,Q
323,2,female,22.0,1,248738,29.0,S
324,3,male,,8,CA. 2343,69.55,S
325,1,female,36.0,0,PC 17760,135.6333,C
326,3,male,61.0,0,345364,6.2375,S
327,2,female,36.0,0,28551,13.0,S
328,3,female,31.0,1,363291,20.525,S
329,1,female,16.0,0,111361,57.9792,C
330,3,female,,2,367226,23.25,Q
331,1,male,45.5,0,113043,28.5,S
332,1,male,38.0,0,PC 17582,153.4625,S
333,3,male,16.0,2,345764,18.0,S
334,1,female,,1,PC 17611,133.65,S
335,3,male,,0,349225,7.8958,S
336,1,male,29.0,1,113776,66.6,S
337,1,female,41.0,0,16966,134.5,C
338,3,male,45.0,0,7598,8.05,S
339,1,male,45.0,0,113784,35.5,S
340,2,male,2.0,1,230080,26.0,S
341,1,female,24.0,3,19950,263.0,S
342,2,male,28.0,0,248740,13.0,S
343,2,male,25.0,0,244361,13.0,S
344,2,male,36.0,0,229236,13.0,S
345,2,female,24.0,0,248733,13.0,S
346,2,female,40.0,0,31418,13.0,S
347,3,female,,1,386525,16.1,S
348,3,male,3.0,1,C.A. 37671,15.9,S
349,3,male,42.0,0,315088,8.6625,S
350,3,male,23.0,0,7267,9.225,S
351,1,male,,0,113510,35.0,S
352,3,male,15.0,1,2695,7.2292,C
353,3,male,25.0,1,349237,17.8,S
354,3,male,,0,2647,7.225,C
355,3,male,28.0,0,345783,9.5,S
356,1,female,22.0,0,113505,55.0,S
357,2,female,38.0,0,237671,13.0,S
358,3,female,,0,330931,7.8792,Q
359,3,female,,0,330980,7.8792,Q
360,3,male,40.0,1,347088,27.9,S
361,2,male,29.0,1,SC/PARIS 2167,27.7208,C
362,3,female,45.0,0,2691,14.4542,C
363,3,male,35.0,0,SOTON/O.Q. 3101310,7.05,S
364,3,male,,1,370365,15.5,Q
365,3,male,30.0,0,C 7076,7.25,S
366,1,female,60.0,1,110813,75.25,C
367,3,female,,0,2626,7.2292,C
368,3,female,,0,14313,7.75,Q
369,1,female,24.0,0,PC 17477,69.3,C
370,1,male,25.0,1,11765,55.4417,C
371,3,male,18.0,1,3101267,6.4958,S
372,3,male,19.0,0,323951,8.05,S
373,1,male,22.0,0,PC 17760,135.6333,C
374,3,female,3.0,3,349909,21.075,S
375,1,female,,1,PC 17604,82.1708,C
376,3,female,22.0,0,C 7077,7.25,S
377,1,male,27.0,0,113503,211.5,C
378,3,male,20.0,0,2648,4.0125,C
379,3,male,19.0,0,347069,7.775,S
380,1,female,42.0,0,PC 17757,227.525,C
381,3,female,1.0,0,2653,15.7417,C
382,3,male,32.0,0,STON/O 2. 3101293,7.925,S
383,1,female,35.0,1,113789,52.0,S
384,3,male,,0,349227,7.8958,S
385,2,male,18.0,0,S.O.C. 14879,73.5,S
386,3,male,1.0,5,CA 2144,46.9,S
387,2,female,36.0,0,27849,13.0,S
388,3,male,,0,367655,7.7292,Q
389,2,female,17.0,0,SC 1748,12.0,C
390,1,male,36.0,1,113760,120.0,S
391,3,male,21.0,0,350034,7.7958,S
392,3,male,28.0,2,3101277,7.925,S
393,1,female,23.0,1,35273,113.275,C
394,3,female,24.0,0,PP 9549,16.7,S
395,3,male,22.0,0,350052,7.7958,S
396,3,female,31.0,0,350407,7.8542,S
397,2,male,46.0,0,28403,26.0,S
398,2,male,23.0,0,244278,10.5,S
399,2,female,28.0,0,240929,12.65,S
400,3,male,39.0,0,STON/O 2. 3101289,7.925,S
401,3,male,26.0,0,341826,8.05,S
402,3,female,21.0,1,4137,9.825,S
403,3,male,28.0,1,STON/O2. 3101279,15.85,S
404,3,female,20.0,0,315096,8.6625,S
405,2,male,34.0,1,28664,21.0,S
406,3,male,51.0,0,347064,7.75,S
407,2,male,3.0,1,29106,18.75,S
408,3,male,21.0,0,312992,7.775,S
409,3,female,,3,4133,25.4667,S
410,3,male,,0,349222,7.8958,S
411,3,male,,0,394140,6.8583,Q
412,1,female,33.0,1,19928,90.0,Q
413,2,male,,0,239853,0.0,S
414,3,male,44.0,0,STON/O 2. 3101269,7.925,S
415,3,female,,0,343095,8.05,S
416,2,female,34.0,1,28220,32.5,S
417,2,female,18.0,0,250652,13.0,S
418,2,male,30.0,0,28228,13.0,S
419,3,female,10.0,0,345773,24.15,S
420,3,male,,0,349254,7.8958,C
421,3,male,21.0,0,A/5. 13032,7.7333,Q
422,3,male,29.0,0,315082,7.875,S
423,3,female,28.0,1,347080,14.4,S
424,3,male,18.0,1,370129,20.2125,S
425,3,male,,0,A/4. 34244,7.25,S
426,2,female,28.0,1,2003,26.0,S
427,2,female,19.0,0,250655,26.0,S
428,3,male,,0,364851,7.75,Q
429,3,male,32.0,0,SOTON/O.Q. 392078,8.05,S
430,1,male,28.0,0,110564,26.55,S
431,3,female,,1,376564,16.1,S
432,2,female,42.0,1,SC/AH 3085,26.0,S
433,3,male,17.0,0,STON/O 2. 3101274,7.125,S
434,1,male,50.0,1,13507,55.9,S
435,1,female,14.0,1,113760,120.0,S
436,3,female,21.0,2,W./C. 6608,34.375,S
437,2,female,24.0,2,29106,18.75,S
438,1,male,64.0,1,19950,263.0,S
439,2,male,31.0,0,C.A. 18723,10.5,S
440,2,female,45.0,1,F.C.C. 13529,26.25,S
441,3,male,20.0,0,345769,9.5,S
442,3,male,25.0,1,347076,7.775,S
443,2,female,28.0,0,230434,13.0,S
444,3,male,,0,65306,8.1125,S
445,1,male,4.0,0,33638,81.8583,S
446,2,female,13.0,0,250644,19.5,S
447,1,male,34.0,0,113794,26.55,S
448,3,female,5.0,2,2666,19.2583,C
449,1,male,52.0,0,113786,30.5,S
450,2,male,36.0,1,C.A. 34651,27.75,S
451,3,male,,1,65303,19.9667,S
452,1,male,30.0,0,113051,27.75,C
453,1,male,49.0,1,17453,89.1042,C
454,3,male,,0,A/5 2817,8.05,S
455,3,male,29.0,0,349240,7.8958,C
456,1,male,65.0,0,13509,26.55,S
457,1,female,,1,17464,51.8625,S
458,2,female,50.0,0,F.C.C. 13531,10.5,S
459,3,male,,0,371060,7.75,Q
460,1,male,48.0,0,19952,26.55,S
461,3,male,34.0,0,364506,8.05,S
462,1,male,47.0,0,111320,38.5,S
463,2,male,48.0,0,234360,13.0,S
464,3,male,,0,A/S 2816,8.05,S
465,3,male,38.0,0,SOTON/O.Q. 3101306,7.05,S
466,2,male,,0,239853,0.0,S
467,1,male,56.0,0,113792,26.55,S
468,3,male,,0,36209,7.725,Q
469,3,female,0.75,2,2666,19.2583,C
470,3,male,,0,323592,7.25,S
471,3,male,38.0,0,315089,8.6625,S
472,2,female,33.0,1,C.A. 34651,27.75,S
473,2,female,23.0,0,SC/AH Basle 541,13.7917,C
474,3,female,22.0,0,7553,9.8375,S
475,1,male,,0,110465,52.0,S
476,2,male,34.0,1,31027,21.0,S
477,3,male,29.0,1,3460,7.0458,S
478,3,male,22.0,0,350060,7.5208,S
479,3,female,2.0,0,3101298,12.2875,S
480,3,male,9.0,5,CA 2144,46.9,S
481,2,male,,0,239854,0.0,S
482,3,male,50.0,0,A/5 3594,8.05,S
483,3,female,63.0,0,4134,9.5875,S
484,1,male,25.0,1,11967,91.0792,C
485,3,female,,3,4133,25.4667,S
486,1,female,35.0,1,19943,90.0,S
487,1,male,58.0,0,11771,29.7,C
488,3,male,30.0,0,A.5. 18509,8.05,S
489,3,male,9.0,1,C.A. 37671,15.9,S
490,3,male,,1,65304,19.9667,S
491,3,male,21.0,0,SOTON/OQ 3101317,7.25,S
492,1,male,55.0,0,113787,30.5,S
493,1,male,71.0,0,PC 17609,49.5042,C
494,3,male,21.0,0,A/4 45380,8.05,S
495,3,male,,0,2627,14.4583,C
496,1,female,54.0,1,36947,78.2667,C
497,3,male,,0,C.A. 6212,15.1,S
498,1,female,25.0,1,113781,151.55,S
499,3,male,24.0,0,350035,7.7958,S
500,3,male,17.0,0,315086,8.6625,S
501,3,female,21.0,0,364846,7.75,Q
502,3,female,,0,330909,7.6292,Q
503,3,female,37.0,0,4135,9.5875,S
504,1,female,16.0,0,110152,86.5,S
505,1,male,18.0,1,PC 17758,108.9,C
506,2,female,33.0,0,26360,26.0,S
507,1,male,,0,111427,26.55,S
508,3,male,28.0,0,C 4001,22.525,S
509,3,male,26.0,0,1601,56.4958,S
510,3,male,29.0,0,382651,7.75,Q
511,3,male,,0,SOTON/OQ 3101316,8.05,S
512,1,male,36.0,0,PC 17473,26.2875,S
513,1,female,54.0,1,PC 17603,59.4,C
514,3,male,24.0,0,349209,7.4958,S
515,1,male,47.0,0,36967,34.0208,S
516,2,female,34.0,0,C.A. 34260,10.5,S
517,3,male,,0,371110,24.15,Q
518,2,female,36.0,1,226875,26.0,S
519,3,male,32.0,0,349242,7.8958,S
520,1,female,30.0,0,12749,93.5,S
521,3,male,22.0,0,349252,7.8958,S
522,3,male,,0,2624,7.225,C
523,1,female,44.0,0,111361,57.9792,C
524,3,male,,0,2700,7.2292,C
525,3,male,40.5,0,367232,7.75,Q
526,2,female,50.0,0,W./C. 14258,10.5,S
527,1,male,,0,PC 17483,221.7792,S
528,3,male,39.0,0,3101296,7.925,S
529,2,male,23.0,2,29104,11.5,S
530,2,female,2.0,1,26360,26.0,S
531,3,male,,0,2641,7.2292,C
532,3,male,17.0,1,2690,7.2292,C
533,3,female,,0,2668,22.3583,C
534,3,female,30.0,0,315084,8.6625,S
535,2,female,7.0,0,F.C.C. 13529,26.25,S
536,1,male,45.0,0,113050,26.55,S
537,1,female,30.0,0,PC 17761,106.425,C
538,3,male,,0,364498,14.5,S
539,1,female,22.0,0,13568,49.5,C
540,1,female,36.0,0,WE/P 5735,71.0,S
541,3,female,9.0,4,347082,31.275,S
542,3,female,11.0,4,347082,31.275,S
543,2,male,32.0,1,2908,26.0,S
544,1,male,50.0,1,PC 17761,106.425,C
545,1,male,64.0,0,693,26.0,S
546,2,female,19.0,1,2908,26.0,S
547,2,male,,0,SC/PARIS 2146,13.8625,C
548,3,male,33.0,1,363291,20.525,S
549,2,male,8.0,1,C.A. 33112,36.75,S
550,1,male,17.0,0,17421,110.8833,C
551,2,male,27.0,0,244358,26.0,S
552,3,male,,0,330979,7.8292,Q
553,3,male,22.0,0,2620,7.225,C
554,3,female,22.0,0,347085,7.775,S
555,1,male,62.0,0,113807,26.55,S
556,1,female,48.0,1,11755,39.6,C
557,1,male,,0,PC 17757,227.525,C
558,1,female,39.0,1,110413,79.65,S
559,3,female,36.0,1,345572,17.4,S
560,3,male,,0,372622,7.75,Q
561,3,male,40.0,0,349251,7.8958,S
562,2,male,28.0,0,218629,13.5,S
563,3,male,,0,SOTON/OQ 392082,8.05,S
564,3,female,,0,SOTON/O.Q. 392087,8.05,S
565,3,male,24.0,2,A/4 48871,24.15,S
566,3,male,19.0,0,349205,7.8958,S
567,3,female,29.0,0,349909,21.075,S
568,3,male,,0,2686,7.2292,C
569,3,male,32.0,0,350417,7.8542,S
570,2,male,62.0,0,S.W./PP 752,10.5,S
571,1,female,53.0,2,11769,51.4792,S
572,1,male,36.0,0,PC 17474,26.3875,S
573,3,female,,0,14312,7.75,Q
574,3,male,16.0,0,A/4. 20589,8.05,S
575,3,male,19.0,0,358585,14.5,S
576,2,female,34.0,0,243880,13.0,S
577,1,female,39.0,1,13507,55.9,S
578,3,female,,1,2689,14.4583,C
579,3,male,32.0,0,STON/O 2. 3101286,7.925,S
580,2,female,25.0,1,237789,30.0,S
581,1,female,39.0,1,17421,110.8833,C
582,2,male,54.0,0,28403,26.0,S
583,1,male,36.0,0,13049,40.125,C
584,3,male,,0,3411,8.7125,C
585,1,female,18.0,0,110413,79.65,S
586,2,male,47.0,0,237565,15.0,S
587,1,male,60.0,1,13567,79.2,C
588,3,male,22.0,0,14973,8.05,S
589,3,male,,0,A./5. 3235,8.05,S
590,3,male,35.0,0,STON/O 2. 3101273,7.125,S
591,1,female,52.0,1,36947,78.2667,C
592,3,male,47.0,0,A/5 3902,7.25,S
593,3,female,,0,364848,7.75,Q
594,2,male,37.0,1,SC/AH 29037,26.0,S
595,3,male,36.0,1,345773,24.15,S
596,2,female,,0,248727,33.0,S
597,3,male,49.0,0,LINE,0.0,S
598,3,male,,0,2664,7.225,C
599,1,male,49.0,1,PC 17485,56.9292,C
600,2,female,24.0,2,243847,27.0,S
601,3,male,,0,349214,7.8958,S
602,1,male,,0,113796,42.4,S
603,3,male,44.0,0,364511,8.05,S
604,1,male,35.0,0,111426,26.55,C
605,3,male,36.0,1,349910,15.55,S
606,3,male,30.0,0,349246,7.8958,S
607,1,male,27.0,0,113804,30.5,S
608,2,female,22.0,1,SC/Paris 2123,41.5792,C
609,1,female,40.0,0,PC 17582,153.4625,S
610,3,female,39.0,1,347082,31.275,S
611,3,male,,0,SOTON/O.Q. 3101305,7.05,S
612,3,female,,1,367230,15.5,Q
613,3,male,,0,370377,7.75,Q
614,3,male,35.0,0,364512,8.05,S
615,2,female,24.0,1,220845,65.0,S
616,3,male,34.0,1,347080,14.4,S
617,3,female,26.0,1,A/5. 3336,16.1,S
618,2,female,4.0,2,230136,39.0,S
619,2,male,26.0,0,31028,10.5,S
620,3,male,27.0,1,2659,14.4542,C
621,1,male,42.0,1,11753,52.5542,S
622,3,male,20.0,1,2653,15.7417,C
623,3,male,21.0,0,350029,7.8542,S
624,3,male,21.0,0,54636,16.1,S
625,1,male,61.0,0,36963,32.3208,S
626,2,male,57.0,0,219533,12.35,Q
627,1,female,21.0,0,13502,77.9583,S
628,3,male,26.0,0,349224,7.8958,S
629,3,male,,0,334912,7.7333,Q
630,1,male,80.0,0,27042,30.0,S
631,3,male,51.0,0,347743,7.0542,S
632,1,male,32.0,0,13214,30.5,C
633,1,male,,0,112052,0.0,S
634,3,female,9.0,3,347088,27.9,S
635,2,female,28.0,0,237668,13.0,S
636,3,male,32.0,0,STON/O 2. 3101292,7.925,S
637,2,male,31.0,1,C.A. 31921,26.25,S
638,3,female,41.0,0,3101295,39.6875,S
639,3,male,,1,376564,16.1,S
640,3,male,20.0,0,350050,7.8542,S
641,1,female,24.0,0,PC 17477,69.3,C
642,3,female,2.0,3,347088,27.9,S
643,3,male,,0,1601,56.4958,S
644,3,female,0.75,2,2666,19.2583,C
645,1,male,48.0,1,PC 17572,76.7292,C
646,3,male,19.0,0,349231,7.8958,S
647,1,male,56.0,0,13213,35.5,C
648,3,male,,0,S.O./P.P. 751,7.55,S
649,3,female,23.0,0,CA. 2314,7.55,S
650,3,male,,0,349221,7.8958,S
651,2,female,18.0,0,231919,23.0,S
652,3,male,21.0,0,8475,8.4333,S
653,3,female,,0,330919,7.8292,Q
654,3,female,18.0,0,365226,6.75,Q
655,2,male,24.0,2,S.O.C. 14879,73.5,S
656,3,male,,0,349223,7.8958,S
657,3,female,32.0,1,364849,15.5,Q
658,2,male,23.0,0,29751,13.0,S
659,1,male,58.0,0,35273,113.275,C
660,1,male,50.0,2,PC 17611,133.65,S
661,3,male,40.0,0,2623,7.225,C
662,1,male,47.0,0,5727,25.5875,S
663,3,male,36.0,0,349210,7.4958,S
664,3,male,20.0,1,STON/O 2. 3101285,7.925,S
665,2,male,32.0,2,S.O.C. 14879,73.5,S
666,2,male,25.0,0,234686,13.0,S
667,3,male,,0,312993,7.775,S
668,3,male,43.0,0,A/5 3536,8.05,S
669,1,female,,1,19996,52.0,S
670,2,female,40.0,1,29750,39.0,S
671,1,male,31.0,1,F.C. 12750,52.0,S
672,2,male,70.0,0,C.A. 24580,10.5,S
673,2,male,31.0,0,244270,13.0,S
674,2,male,,0,239856,0.0,S
675,3,male,18.0,0,349912,7.775,S
676,3,male,24.5,0,342826,8.05,S
677,3,female,18.0,0,4138,9.8417,S
678,3,female,43.0,1,CA 2144,46.9,S
679,1,male,36.0,0,PC 17755,512.3292,C
680,3,female,,0,330935,8.1375,Q
681,1,male,27.0,0,PC 17572,76.7292,C
682,3,male,20.0,0,6563,9.225,S
683,3,male,14.0,5,CA 2144,46.9,S
684,2,male,60.0,1,29750,39.0,S
685,2,male,25.0,1,SC/Paris 2123,41.5792,C
686,3,male,14.0,4,3101295,39.6875,S
687,3,male,19.0,0,349228,10.1708,S
688,3,male,18.0,0,350036,7.7958,S
689,1,female,15.0,0,24160,211.3375,S
690,1,male,31.0,1,17474,57.0,S
691,3,female,4.0,0,349256,13.4167,C
692,3,male,,0,1601,56.4958,S
693,3,male,25.0,0,2672,7.225,C
694,1,male,60.0,0,113800,26.55,S
695,2,male,52.0,0,248731,13.5,S
696,3,male,44.0,0,363592,8.05,S
697,3,female,,0,35852,7.7333,Q
698,1,male,49.0,1,17421,110.8833,C
699,3,male,42.0,0,348121,7.65,S
700,1,female,18.0,1,PC 17757,227.525,C
701,1,male,35.0,0,PC 17475,26.2875,S
702,3,female,18.0,0,2691,14.4542,C
703,3,male,25.0,0,36864,7.7417,Q
704,3,male,26.0,1,350025,7.8542,S
705,2,male,39.0,0,250655,26.0,S
706,2,female,45.0,0,223596,13.5,S
707,1,male,42.0,0,PC 17476,26.2875,S
708,1,female,22.0,0,113781,151.55,S
709,3,male,,1,2661,15.2458,C
710,1,female,24.0,0,PC 17482,49.5042,C
711,1,male,,0,113028,26.55,S
712,1,male,48.0,1,19996,52.0,S
713,3,male,29.0,0,7545,9.4833,S
714,2,male,52.0,0,250647,13.0,S
715,3,male,19.0,0,348124,7.65,S
716,1,female,38.0,0,PC 17757,227.525,C
717,2,female,27.0,0,34218,10.5,S
718,3,male,,0,36568,15.5,Q
719,3,male,33.0,0,347062,7.775,S
720,2,female,6.0,0,248727,33.0,S
721,3,male,17.0,1,350048,7.0542,S
722,2,male,34.0,0,12233,13.0,S
723,2,male,50.0,0,250643,13.0,S
724,1,male,27.0,1,113806,53.1,S
725,3,male,20.0,0,315094,8.6625,S
726,2,female,30.0,3,31027,21.0,S
727,3,female,,0,36866,7.7375,Q
728,2,male,25.0,1,236853,26.0,S
729,3,female,25.0,1,STON/O2. 3101271,7.925,S
730,1,female,29.0,0,24160,211.3375,S
731,3,male,11.0,0,2699,18.7875,C
732,2,male,,0,239855,0.0,S
733,2,male,23.0,0,28425,13.0,S
734,2,male,23.0,0,233639,13.0,S
735,3,male,28.5,0,54636,16.1,S
736,3,female,48.0,1,W./C. 6608,34.375,S
737,1,male,35.0,0,PC 17755,512.3292,C
738,3,male,,0,349201,7.8958,S
739,3,male,,0,349218,7.8958,S
740,1,male,,0,16988,30.0,S
741,1,male,36.0,1,19877,78.85,S
742,1,female,21.0,2,PC 17608,262.375,C
743,3,male,24.0,1,376566,16.1,S
744,3,male,31.0,0,STON/O 2. 3101288,7.925,S
745,1,male,70.0,1,WE/P 5735,71.0,S
746,3,male,16.0,1,C.A. 2673,20.25,S
747,2,female,30.0,0,250648,13.0,S
748,1,male,19.0,1,113773,53.1,S
749,3,male,31.0,0,335097,7.75,Q
750,2,female,4.0,1,29103,23.0,S
751,3,male,6.0,0,392096,12.475,S
752,3,male,33.0,0,345780,9.5,S
753,3,male,23.0,0,349204,7.8958,S
754,2,female,48.0,1,220845,65.0,S
755,2,male,0.67,1,250649,14.5,S
756,3,male,28.0,0,350042,7.7958,S
757,2,male,18.0,0,29108,11.5,S
758,3,male,34.0,0,363294,8.05,S
759,1,female,33.0,0,110152,86.5,S
760,3,male,,0,358585,14.5,S
761,3,male,41.0,0,SOTON/O2 3101272,7.125,S
762,3,male,20.0,0,2663,7.2292,C
763,1,female,36.0,1,113760,120.0,S
764,3,male,16.0,0,347074,7.775,S
765,1,female,51.0,1,13502,77.9583,S
766,1,male,,0,112379,39.6,C
767,3,female,30.5,0,364850,7.75,Q
768,3,male,,1,371110,24.15,Q
769,3,male,32.0,0,8471,8.3625,S
770,3,male,24.0,0,345781,9.5,S
771,3,male,48.0,0,350047,7.8542,S
772,2,female,57.0,0,S.O./P.P. 3,10.5,S
773,3,male,,0,2674,7.225,C
774,2,female,54.0,1,29105,23.0,S
775,3,male,18.0,0,347078,7.75,S
776,3,male,,0,383121,7.75,Q
777,3,female,5.0,0,364516,12.475,S
778,3,male,,0,36865,7.7375,Q
779,1,female,43.0,0,24160,211.3375,S
780,3,female,13.0,0,2687,7.2292,C
781,1,female,17.0,1,17474,57.0,S
782,1,male,29.0,0,113501,30.0,S
783,3,male,,1,W./C. 6607,23.45,S
784,3,male,25.0,0,SOTON/O.Q. 3101312,7.05,S
785,3,male,25.0,0,374887,7.25,S
786,3,female,18.0,0,3101265,7.4958,S
787,3,male,8.0,4,382652,29.125,Q
788,3,male,1.0,1,C.A. 2315,20.575,S
789,1,male,46.0,0,PC 17593,79.2,C
790,3,male,,0,12460,7.75,Q
791,2,male,16.0,0,239865,26.0,S
792,3,female,,8,CA. 2343,69.55,S
793,1,male,,0,PC 17600,30.6958,C
794,3,male,25.0,0,349203,7.8958,S
795,2,male,39.0,0,28213,13.0,S
796,1,female,49.0,0,17465,25.9292,S
797,3,female,31.0,0,349244,8.6833,S
798,3,male,30.0,0,2685,7.2292,C
799,3,female,30.0,1,345773,24.15,S
800,2,male,34.0,0,250647,13.0,S
801,2,female,31.0,1,C.A. 31921,26.25,S
802,1,male,11.0,1,113760,120.0,S
803,3,male,0.42,0,2625,8.5167,C
804,3,male,27.0,0,347089,6.975,S
805,3,male,31.0,0,347063,7.775,S
806,1,male,39.0,0,112050,0.0,S
807,3,female,18.0,0,347087,7.775,S
808,2,male,39.0,0,248723,13.0,S
809,1,female,33.0,1,113806,53.1,S
810,3,male,26.0,0,3474,7.8875,S
811,3,male,39.0,0,A/4 48871,24.15,S
812,2,male,35.0,0,28206,10.5,S
813,3,female,6.0,4,347082,31.275,S
814,3,male,30.5,0,364499,8.05,S
815,1,male,,0,112058,0.0,S
816,3,female,23.0,0,STON/O2. 3101290,7.925,S
817,2,male,31.0,1,S.C./PARIS 2079,37.0042,C
818,3,male,43.0,0,C 7075,6.45,S
819,3,male,10.0,3,347088,27.9,S
820,1,female,52.0,1,12749,93.5,S
821,3,male,27.0,0,315098,8.6625,S
822,1,male,38.0,0,19972,0.0,S
823,3,female,27.0,0,392096,12.475,S
824,3,male,2.0,4,3101295,39.6875,S
825,3,male,,0,368323,6.95,Q
826,3,male,,0,1601,56.4958,S
827,2,male,1.0,0,S.C./PARIS 2079,37.0042,C
828,3,male,,0,367228,7.75,Q
829,1,female,62.0,0,113572,80.0,
830,3,female,15.0,1,2659,14.4542,C
831,2,male,0.83,1,29106,18.75,S
832,3,male,,0,2671,7.2292,C
833,3,male,23.0,0,347468,7.8542,S
834,3,male,18.0,0,2223,8.3,S
835,1,female,39.0,1,PC 17756,83.1583,C
836,3,male,21.0,0,315097,8.6625,S
837,3,male,,0,392092,8.05,S
838,3,male,32.0,0,1601,56.4958,S
839,1,male,,0,11774,29.7,C
840,3,male,20.0,0,SOTON/O2 3101287,7.925,S
841,2,male,16.0,0,S.O./P.P. 3,10.5,S
842,1,female,30.0,0,113798,31.0,C
843,3,male,34.5,0,2683,6.4375,C
844,3,male,17.0,0,315090,8.6625,S
845,3,male,42.0,0,C.A. 5547,7.55,S
846,3,male,,8,CA. 2343,69.55,S
847,3,male,35.0,0,349213,7.8958,C
848,2,male,28.0,0,248727,33.0,S
849,1,female,,1,17453,89.1042,C
850,3,male,4.0,4,347082,31.275,S
851,3,male,74.0,0,347060,7.775,S
852,3,female,9.0,1,2678,15.2458,C
853,1,female,16.0,0,PC 17592,39.4,S
854,2,female,44.0,1,244252,26.0,S
855,3,female,18.0,0,392091,9.35,S
856,1,female,45.0,1,36928,164.8667,S
857,1,male,51.0,0,113055,26.55,S
858,3,female,24.0,0,2666,19.2583,C
859,3,male,,0,2629,7.2292,C
860,3,male,41.0,2,350026,14.1083,S
861,2,male,21.0,1,28134,11.5,S
862,1,female,48.0,0,17466,25.9292,S
863,3,female,,8,CA. 2343,69.55,S
864,2,male,24.0,0,233866,13.0,S
865,2,female,42.0,0,236852,13.0,S
866,2,female,27.0,1,SC/PARIS 2149,13.8583,C
867,1,male,31.0,0,PC 17590,50.4958,S
868,3,male,,0,345777,9.5,S
869,3,male,4.0,1,347742,11.1333,S
870,3,male,26.0,0,349248,7.8958,S
871,1,female,47.0,1,11751,52.5542,S
872,1,male,33.0,0,695,5.0,S
873,3,male,47.0,0,345765,9.0,S
874,2,female,28.0,1,P/PP 3381,24.0,C
875,3,female,15.0,0,2667,7.225,C
876,3,male,20.0,0,7534,9.8458,S
877,3,male,19.0,0,349212,7.8958,S
878,3,male,,0,349217,7.8958,S
879,1,female,56.0,0,11767,83.1583,C
880,2,female,25.0,0,230433,26.0,S
881,3,male,33.0,0,349257,7.8958,S
882,3,female,22.0,0,7552,10.5167,S
883,2,male,28.0,0,C.A./SOTON 34068,10.5,S
884,3,male,25.0,0,SOTON/OQ 392076,7.05,S
885,3,female,39.0,0,382652,29.125,Q
886,2,male,27.0,0,211536,13.0,S
887,1,female,19.0,0,112053,30.0,S
888,3,female,,1,W./C. 6607,23.45,S
889,1,male,26.0,0,111369,30.0,C
890,3,male,32.0,0,370376,7.75,Q
